,object  ,precipitant,Effect,Related Drugs,Options
0,AMIODARONE,LEVOFLOXACIN,Increased risk of TdP and/or QTc prolongation on ECG,"·Azithromycin (Zithromax®), clarithromycin (Biaxin®), erythromycin (E-Mycin®), and telithromycin (Ketek®) also have a possible risk of TDP and/or QTc prolongation on ECG","Usually Avoid ·Consider Alternatives: Alternative antimicrobials include ciprofloxacin (relatively lower risk QTc prolongation than other quinolones), penicillins, and cephalosporins. See www.azcert.org for QT drug lists by risk group"
1,AMIODARONE,GEMIFLOXACIN,Increased risk of TdP and/or QTc prolongation on ECG,"·Azithromycin (Zithromax®), clarithromycin (Biaxin®), erythromycin (E-Mycin®), and telithromycin (Ketek®) also have a possible risk of TDP and/or QTc prolongation on ECG","Usually Avoid ·Consider Alternatives: Alternative antimicrobials include ciprofloxacin (relatively lower risk QTc prolongation than other quinolones), penicillins, and cephalosporins. See www.azcert.org for QT drug lists by risk group"
2,AMIODARONE,MOXIFLOXACIN,Increased risk of TdP and/or QTc prolongation on ECG,"·Azithromycin (Zithromax®), clarithromycin (Biaxin®), erythromycin (E-Mycin®), and telithromycin (Ketek®) also have a possible risk of TDP and/or QTc prolongation on ECG","Usually Avoid ·Consider Alternatives: Alternative antimicrobials include ciprofloxacin (relatively lower risk QTc prolongation than other quinolones), penicillins, and cephalosporins. See www.azcert.org for QT drug lists by risk group"
3,AMIODARONE,OFLOXACIN,Increased risk of TdP and/or QTc prolongation on ECG,"·Azithromycin (Zithromax®), clarithromycin (Biaxin®), erythromycin (E-Mycin®), and telithromycin (Ketek®) also have a possible risk of TDP and/or QTc prolongation on ECG","Usually Avoid ·Consider Alternatives: Alternative antimicrobials include ciprofloxacin (relatively lower risk QTc prolongation than other quinolones), penicillins, and cephalosporins. See www.azcert.org for QT drug lists by risk group"
4,CARBAMAZEPINE,CLARITHROMYCIN,Increased carbamazepine concentrations and risk of carbamazepine toxicity,·Azithromycin (Zithromax®) does not appear to inhibit CYP3A4,"Take Precautions ·Consider Alternatives: Consider alternative antimicrobials (e.g., azithromycin, quinolones, 2nd/3rd generation cephalosporins, penicillin) ·Monitor: If alternatives are not appropriate, monitor carbamazepine concentrations (e.g., within 24 hours) and consider temporary downward adjustment of the carbamazepine dosage (e.g., by 30-50%). Warn patients about symptoms of carbamazepine toxicity (e.g., nausea, vomiting, dizziness, drowsiness, headache, diplopia, confusion). Also monitor for altered carbamazepine effect when clarithromycin or erythromycin are changed in dosage or discontinued.If carbamazepine is started in the presence of one of these agents, consider conservative initial carbamazepine dosing."
5,CARBAMAZEPINE,ERYTHROMYCIN,Increased carbamazepine concentrations and risk of carbamazepine toxicity,·Azithromycin (Zithromax®) does not appear to inhibit CYP3A4,"Take Precautions ·Consider Alternatives: Consider alternative antimicrobials (e.g., azithromycin, quinolones, 2nd/3rd generation cephalosporins, penicillin) ·Monitor: If alternatives are not appropriate, monitor carbamazepine concentrations (e.g., within 24 hours) and consider temporary downward adjustment of the carbamazepine dosage (e.g., by 30-50%). Warn patients about symptoms of carbamazepine toxicity (e.g., nausea, vomiting, dizziness, drowsiness, headache, diplopia, confusion). Also monitor for altered carbamazepine effect when clarithromycin or erythromycin are changed in dosage or discontinued.If carbamazepine is started in the presence of one of these agents, consider conservative initial carbamazepine dosing."
6,CARBAMAZEPINE,TELITHROMYCIN,Increased carbamazepine concentrations and risk of carbamazepine toxicity,·Azithromycin (Zithromax®) does not appear to inhibit CYP3A4,"Take Precautions ·Consider Alternatives: Consider alternative antimicrobials (e.g., azithromycin, quinolones, 2nd/3rd generation cephalosporins, penicillin) ·Monitor: If alternatives are not appropriate, monitor carbamazepine concentrations (e.g., within 24 hours) and consider temporary downward adjustment of the carbamazepine dosage (e.g., by 30-50%). Warn patients about symptoms of carbamazepine toxicity (e.g., nausea, vomiting, dizziness, drowsiness, headache, diplopia, confusion). Also monitor for altered carbamazepine effect when clarithromycin or erythromycin are changed in dosage or discontinued.If carbamazepine is started in the presence of one of these agents, consider conservative initial carbamazepine dosing."
7,CLOPIDOGREL,OMEPRAZOLE,Decreased concentrations of clopidogrel active metabolite and decreased antiplatelet effects,·Esomeprazole (Nexium®) is thought to also inhibit CYP2C19; insufficient data regarding other PPIs ·Cimetidine (Tagamet®) inhibits CYP2C19,Usually Avoid ·Consider Alternatives: Consider an alternative proton-pump inhibitor (except esomeprazole) Other alternatives include H2 blockers (except cimetidine).
8,DIGOXIN ,CLARITHROMYCIN  ,Increased digoxin concentrations and risk of digoxin toxicity,,Isolated reports of digoxin toxicity have been associated with azithromycin (Zithromax®) therapy
9,DIGOXIN,ERYTHROMYCIN   ,Increased digoxin concentrations and risk of digoxin toxicity,,Isolated reports of digoxin toxicity have been associated with azithromycin (Zithromax®) therapy
10,DIGOXIN,ITRACONAZOLE    ,Increased digoxin concentrations and risk of digoxin toxicity,"·Voriconazole (Vfend®) and the non-azole antifungal, terbinafine (Lamisil®), do not appear to inhibit P-glycoprotein ·Data are lacking regarding fluconazole","Take Precautions ·Consider Alternatives: Consider alternative antifungal agents (e.g., voriconazole or terbinafine) ·Monitor: If alternatives are not appropriate, monitor patients closely for evidence of digoxin toxicity (e.g., nausea, malaise, fatigue visual, changes, headache, arrhythmias), with downward digoxin dosage adjustments as necessary. Also monitor for altered digoxin effect when itraconazole, ketoconazole, or posaconazole are changed in dosage or discontinued. If digoxin is started in the presence of one of these agents, consider conservative initial digoxin dosing."
11,DIGOXIN,KETOCONAZOLE    ,Increased digoxin concentrations and risk of digoxin toxicity,"·Voriconazole (Vfend®) and the non-azole antifungal, terbinafine (Lamisil®), do not appear to inhibit P-glycoprotein ·Data are lacking regarding fluconazole","Take Precautions ·Consider Alternatives: Consider alternative antifungal agents (e.g., voriconazole or terbinafine) ·Monitor: If alternatives are not appropriate, monitor patients closely for evidence of digoxin toxicity (e.g., nausea, malaise, fatigue visual, changes, headache, arrhythmias), with downward digoxin dosage adjustments as necessary. Also monitor for altered digoxin effect when itraconazole, ketoconazole, or posaconazole are changed in dosage or discontinued. If digoxin is started in the presence of one of these agents, consider conservative initial digoxin dosing."
12,DIGOXIN,POSACONAZOLE    ,Increased digoxin concentrations and risk of digoxin toxicity,"·Voriconazole (Vfend®) and the non-azole antifungal, terbinafine (Lamisil®), do not appear to inhibit P-glycoprotein ·Data are lacking regarding fluconazole","Take Precautions ·Consider Alternatives: Consider alternative antifungal agents (e.g., voriconazole or terbinafine) ·Monitor: If alternatives are not appropriate, monitor patients closely for evidence of digoxin toxicity (e.g., nausea, malaise, fatigue visual, changes, headache, arrhythmias), with downward digoxin dosage adjustments as necessary. Also monitor for altered digoxin effect when itraconazole, ketoconazole, or posaconazole are changed in dosage or discontinued. If digoxin is started in the presence of one of these agents, consider conservative initial digoxin dosing."
13,SIMVASTATIN,AMIODARONE,Increased simvastatin/ lovastatin concentrations and risk of myopathy/ rhabdomyolysis,"·Atorvastatin (Lipitor®) undergoes less metabolism by CYP3A4; however cases of myopathy with CYP3A4 inhibitors have been reported ·Fluvastatin (Lescol®), rosuvastatin (Crestor®), and pravastatin (Pravachol®) arenot metabolized by CYP3A4","Usually Avoid ·Consider Alternatives: Preferable statin alternatives include fluvastatin, rosuvastatin, or pravastatin. Predisposing risk factors for rhabdomyolysis include advanced age (>65 years), uncontrolled hypothyroidism, and renal impairment. ·Monitor: If alternative statins are not appropriate, monitor the patient for evidence of myopathy (muscle pain or weakness) and myoglobinuria (dark urine). The simvastatin dose should not exceed 20 mg/day in combination with amiodarone."
14,ATORVASTATIN CALCIUM,ITRACONAZOLE    ,Increased simvastatin/ lovastatin concentrations and risk of myopathy/ rhabdomyolysis,"Antifungal Agents ·Terbinafine (Lamisil®) does not inhibit CYP3A4 ·Ciclopirox nail lacquer (Penlac®) is not appreciably absorbed Statins ·Atorvastatin (Lipitor®) undergoes less metabolism by CYP3A4 but cases of myopathy with CYP3A4 inhibitors reported ·Fluvastatin (Lescol®), rosuvastatin (Crestor®), and pravastatin (Pravachol®) arenot metabolized by CYP3A4","Usually Avoid ·Consider Alternative Antifungal Agents: Terbinafine or ciclopirox nail lacquer would be relatively safer antifungal agents. ·Consider Alternative Statins: For patients requiring long-term azole antifungal therapy, preferable statin alternatives include fluvastatin, rosuvastatin, or pravastatin. ·Temporarily Hold Statin Therapy: Temporarily holding the simvastatin/lovastatin during short-term (e.g., 2-week) azole antifungal therapy is a reasonable alternative for patients with stable cardiovascular disease. ·Monitor: If alternatives are not appropriate, the patient should be monitored for evidence of myopathy (muscle pain or weakness) and myoglobinuria (dark urine)."
15,ATORVASTATIN CALCIUM,KETOCONAZOLE,Increased simvastatin/ lovastatin concentrations and risk of myopathy/ rhabdomyolysis,"Antifungal Agents ·Terbinafine (Lamisil®) does not inhibit CYP3A4 ·Ciclopirox nail lacquer (Penlac®) is not appreciably absorbed Statins ·Atorvastatin (Lipitor®) undergoes less metabolism by CYP3A4 but cases of myopathy with CYP3A4 inhibitors reported ·Fluvastatin (Lescol®), rosuvastatin (Crestor®), and pravastatin (Pravachol®) arenot metabolized by CYP3A4","Usually Avoid ·Consider Alternative Antifungal Agents: Terbinafine or ciclopirox nail lacquer would be relatively safer antifungal agents. ·Consider Alternative Statins: For patients requiring long-term azole antifungal therapy, preferable statin alternatives include fluvastatin, rosuvastatin, or pravastatin. ·Temporarily Hold Statin Therapy: Temporarily holding the simvastatin/lovastatin during short-term (e.g., 2-week) azole antifungal therapy is a reasonable alternative for patients with stable cardiovascular disease. ·Monitor: If alternatives are not appropriate, the patient should be monitored for evidence of myopathy (muscle pain or weakness) and myoglobinuria (dark urine)."
16,ATORVASTATIN CALCIUM,POSACONAZOLE,Increased simvastatin/ lovastatin concentrations and risk of myopathy/ rhabdomyolysis,"Antifungal Agents ·Terbinafine (Lamisil®) does not inhibit CYP3A4 ·Ciclopirox nail lacquer (Penlac®) is not appreciably absorbed Statins ·Atorvastatin (Lipitor®) undergoes less metabolism by CYP3A4 but cases of myopathy with CYP3A4 inhibitors reported ·Fluvastatin (Lescol®), rosuvastatin (Crestor®), and pravastatin (Pravachol®) arenot metabolized by CYP3A4","Usually Avoid ·Consider Alternative Antifungal Agents: Terbinafine or ciclopirox nail lacquer would be relatively safer antifungal agents. ·Consider Alternative Statins: For patients requiring long-term azole antifungal therapy, preferable statin alternatives include fluvastatin, rosuvastatin, or pravastatin. ·Temporarily Hold Statin Therapy: Temporarily holding the simvastatin/lovastatin during short-term (e.g., 2-week) azole antifungal therapy is a reasonable alternative for patients with stable cardiovascular disease. ·Monitor: If alternatives are not appropriate, the patient should be monitored for evidence of myopathy (muscle pain or weakness) and myoglobinuria (dark urine)."
17,ATORVASTATIN CALCIUM,VORICONAZOLE,Increased simvastatin/ lovastatin concentrations and risk of myopathy/ rhabdomyolysis,"Antifungal Agents ·Terbinafine (Lamisil®) does not inhibit CYP3A4 ·Ciclopirox nail lacquer (Penlac®) is not appreciably absorbed Statins ·Atorvastatin (Lipitor®) undergoes less metabolism by CYP3A4 but cases of myopathy with CYP3A4 inhibitors reported ·Fluvastatin (Lescol®), rosuvastatin (Crestor®), and pravastatin (Pravachol®) arenot metabolized by CYP3A4","Usually Avoid ·Consider Alternative Antifungal Agents: Terbinafine or ciclopirox nail lacquer would be relatively safer antifungal agents. ·Consider Alternative Statins: For patients requiring long-term azole antifungal therapy, preferable statin alternatives include fluvastatin, rosuvastatin, or pravastatin. ·Temporarily Hold Statin Therapy: Temporarily holding the simvastatin/lovastatin during short-term (e.g., 2-week) azole antifungal therapy is a reasonable alternative for patients with stable cardiovascular disease. ·Monitor: If alternatives are not appropriate, the patient should be monitored for evidence of myopathy (muscle pain or weakness) and myoglobinuria (dark urine)."
18,ATORVASTATIN CALCIUM,FLUCONAZOLE,Increased simvastatin/ lovastatin concentrations and risk of myopathy/ rhabdomyolysis,"Antifungal Agents ·Terbinafine (Lamisil®) does not inhibit CYP3A4 ·Ciclopirox nail lacquer (Penlac®) is not appreciably absorbed Statins ·Atorvastatin (Lipitor®) undergoes less metabolism by CYP3A4 but cases of myopathy with CYP3A4 inhibitors reported ·Fluvastatin (Lescol®), rosuvastatin (Crestor®), and pravastatin (Pravachol®) arenot metabolized by CYP3A4","Usually Avoid ·Consider Alternative Antifungal Agents: Terbinafine or ciclopirox nail lacquer would be relatively safer antifungal agents. ·Consider Alternative Statins: For patients requiring long-term azole antifungal therapy, preferable statin alternatives include fluvastatin, rosuvastatin, or pravastatin. ·Temporarily Hold Statin Therapy: Temporarily holding the simvastatin/lovastatin during short-term (e.g., 2-week) azole antifungal therapy is a reasonable alternative for patients with stable cardiovascular disease. ·Monitor: If alternatives are not appropriate, the patient should be monitored for evidence of myopathy (muscle pain or weakness) and myoglobinuria (dark urine)."
19,FLUVASTATIN,ITRACONAZOLE,Increased simvastatin/ lovastatin concentrations and risk of myopathy/ rhabdomyolysis,"Antifungal Agents ·Terbinafine (Lamisil®) does not inhibit CYP3A4 ·Ciclopirox nail lacquer (Penlac®) is not appreciably absorbed Statins ·Atorvastatin (Lipitor®) undergoes less metabolism by CYP3A4 but cases of myopathy with CYP3A4 inhibitors reported ·Fluvastatin (Lescol®), rosuvastatin (Crestor®), and pravastatin (Pravachol®) arenot metabolized by CYP3A4","Usually Avoid ·Consider Alternative Antifungal Agents: Terbinafine or ciclopirox nail lacquer would be relatively safer antifungal agents. ·Consider Alternative Statins: For patients requiring long-term azole antifungal therapy, preferable statin alternatives include fluvastatin, rosuvastatin, or pravastatin. ·Temporarily Hold Statin Therapy: Temporarily holding the simvastatin/lovastatin during short-term (e.g., 2-week) azole antifungal therapy is a reasonable alternative for patients with stable cardiovascular disease. ·Monitor: If alternatives are not appropriate, the patient should be monitored for evidence of myopathy (muscle pain or weakness) and myoglobinuria (dark urine)."
20,FLUVASTATIN,KETOCONAZOLE,Increased simvastatin/ lovastatin concentrations and risk of myopathy/ rhabdomyolysis,"Antifungal Agents ·Terbinafine (Lamisil®) does not inhibit CYP3A4 ·Ciclopirox nail lacquer (Penlac®) is not appreciably absorbed Statins ·Atorvastatin (Lipitor®) undergoes less metabolism by CYP3A4 but cases of myopathy with CYP3A4 inhibitors reported ·Fluvastatin (Lescol®), rosuvastatin (Crestor®), and pravastatin (Pravachol®) arenot metabolized by CYP3A4","Usually Avoid ·Consider Alternative Antifungal Agents: Terbinafine or ciclopirox nail lacquer would be relatively safer antifungal agents. ·Consider Alternative Statins: For patients requiring long-term azole antifungal therapy, preferable statin alternatives include fluvastatin, rosuvastatin, or pravastatin. ·Temporarily Hold Statin Therapy: Temporarily holding the simvastatin/lovastatin during short-term (e.g., 2-week) azole antifungal therapy is a reasonable alternative for patients with stable cardiovascular disease. ·Monitor: If alternatives are not appropriate, the patient should be monitored for evidence of myopathy (muscle pain or weakness) and myoglobinuria (dark urine)."
21,FLUVASTATIN,POSACONAZOLE,Increased simvastatin/ lovastatin concentrations and risk of myopathy/ rhabdomyolysis,"Antifungal Agents ·Terbinafine (Lamisil®) does not inhibit CYP3A4 ·Ciclopirox nail lacquer (Penlac®) is not appreciably absorbed Statins ·Atorvastatin (Lipitor®) undergoes less metabolism by CYP3A4 but cases of myopathy with CYP3A4 inhibitors reported ·Fluvastatin (Lescol®), rosuvastatin (Crestor®), and pravastatin (Pravachol®) arenot metabolized by CYP3A4","Usually Avoid ·Consider Alternative Antifungal Agents: Terbinafine or ciclopirox nail lacquer would be relatively safer antifungal agents. ·Consider Alternative Statins: For patients requiring long-term azole antifungal therapy, preferable statin alternatives include fluvastatin, rosuvastatin, or pravastatin. ·Temporarily Hold Statin Therapy: Temporarily holding the simvastatin/lovastatin during short-term (e.g., 2-week) azole antifungal therapy is a reasonable alternative for patients with stable cardiovascular disease. ·Monitor: If alternatives are not appropriate, the patient should be monitored for evidence of myopathy (muscle pain or weakness) and myoglobinuria (dark urine)."
22,FLUVASTATIN,VORICONAZOLE,Increased simvastatin/ lovastatin concentrations and risk of myopathy/ rhabdomyolysis,"Antifungal Agents ·Terbinafine (Lamisil®) does not inhibit CYP3A4 ·Ciclopirox nail lacquer (Penlac®) is not appreciably absorbed Statins ·Atorvastatin (Lipitor®) undergoes less metabolism by CYP3A4 but cases of myopathy with CYP3A4 inhibitors reported ·Fluvastatin (Lescol®), rosuvastatin (Crestor®), and pravastatin (Pravachol®) arenot metabolized by CYP3A4","Usually Avoid ·Consider Alternative Antifungal Agents: Terbinafine or ciclopirox nail lacquer would be relatively safer antifungal agents. ·Consider Alternative Statins: For patients requiring long-term azole antifungal therapy, preferable statin alternatives include fluvastatin, rosuvastatin, or pravastatin. ·Temporarily Hold Statin Therapy: Temporarily holding the simvastatin/lovastatin during short-term (e.g., 2-week) azole antifungal therapy is a reasonable alternative for patients with stable cardiovascular disease. ·Monitor: If alternatives are not appropriate, the patient should be monitored for evidence of myopathy (muscle pain or weakness) and myoglobinuria (dark urine)."
23,FLUVASTATIN,FLUCONAZOLE,Increased simvastatin/ lovastatin concentrations and risk of myopathy/ rhabdomyolysis,"Antifungal Agents ·Terbinafine (Lamisil®) does not inhibit CYP3A4 ·Ciclopirox nail lacquer (Penlac®) is not appreciably absorbed Statins ·Atorvastatin (Lipitor®) undergoes less metabolism by CYP3A4 but cases of myopathy with CYP3A4 inhibitors reported ·Fluvastatin (Lescol®), rosuvastatin (Crestor®), and pravastatin (Pravachol®) arenot metabolized by CYP3A4","Usually Avoid ·Consider Alternative Antifungal Agents: Terbinafine or ciclopirox nail lacquer would be relatively safer antifungal agents. ·Consider Alternative Statins: For patients requiring long-term azole antifungal therapy, preferable statin alternatives include fluvastatin, rosuvastatin, or pravastatin. ·Temporarily Hold Statin Therapy: Temporarily holding the simvastatin/lovastatin during short-term (e.g., 2-week) azole antifungal therapy is a reasonable alternative for patients with stable cardiovascular disease. ·Monitor: If alternatives are not appropriate, the patient should be monitored for evidence of myopathy (muscle pain or weakness) and myoglobinuria (dark urine)."
24,LOVASTATIN,ITRACONAZOLE,Increased simvastatin/ lovastatin concentrations and risk of myopathy/ rhabdomyolysis,"Antifungal Agents ·Terbinafine (Lamisil®) does not inhibit CYP3A4 ·Ciclopirox nail lacquer (Penlac®) is not appreciably absorbed Statins ·Atorvastatin (Lipitor®) undergoes less metabolism by CYP3A4 but cases of myopathy with CYP3A4 inhibitors reported ·Fluvastatin (Lescol®), rosuvastatin (Crestor®), and pravastatin (Pravachol®) arenot metabolized by CYP3A4","Usually Avoid ·Consider Alternative Antifungal Agents: Terbinafine or ciclopirox nail lacquer would be relatively safer antifungal agents. ·Consider Alternative Statins: For patients requiring long-term azole antifungal therapy, preferable statin alternatives include fluvastatin, rosuvastatin, or pravastatin. ·Temporarily Hold Statin Therapy: Temporarily holding the simvastatin/lovastatin during short-term (e.g., 2-week) azole antifungal therapy is a reasonable alternative for patients with stable cardiovascular disease. ·Monitor: If alternatives are not appropriate, the patient should be monitored for evidence of myopathy (muscle pain or weakness) and myoglobinuria (dark urine)."
25,LOVASTATIN,KETOCONAZOLE,Increased simvastatin/ lovastatin concentrations and risk of myopathy/ rhabdomyolysis,"Antifungal Agents ·Terbinafine (Lamisil®) does not inhibit CYP3A4 ·Ciclopirox nail lacquer (Penlac®) is not appreciably absorbed Statins ·Atorvastatin (Lipitor®) undergoes less metabolism by CYP3A4 but cases of myopathy with CYP3A4 inhibitors reported ·Fluvastatin (Lescol®), rosuvastatin (Crestor®), and pravastatin (Pravachol®) arenot metabolized by CYP3A4","Usually Avoid ·Consider Alternative Antifungal Agents: Terbinafine or ciclopirox nail lacquer would be relatively safer antifungal agents. ·Consider Alternative Statins: For patients requiring long-term azole antifungal therapy, preferable statin alternatives include fluvastatin, rosuvastatin, or pravastatin. ·Temporarily Hold Statin Therapy: Temporarily holding the simvastatin/lovastatin during short-term (e.g., 2-week) azole antifungal therapy is a reasonable alternative for patients with stable cardiovascular disease. ·Monitor: If alternatives are not appropriate, the patient should be monitored for evidence of myopathy (muscle pain or weakness) and myoglobinuria (dark urine)."
26,LOVASTATIN,POSACONAZOLE,Increased simvastatin/ lovastatin concentrations and risk of myopathy/ rhabdomyolysis,"Antifungal Agents ·Terbinafine (Lamisil®) does not inhibit CYP3A4 ·Ciclopirox nail lacquer (Penlac®) is not appreciably absorbed Statins ·Atorvastatin (Lipitor®) undergoes less metabolism by CYP3A4 but cases of myopathy with CYP3A4 inhibitors reported ·Fluvastatin (Lescol®), rosuvastatin (Crestor®), and pravastatin (Pravachol®) arenot metabolized by CYP3A4","Usually Avoid ·Consider Alternative Antifungal Agents: Terbinafine or ciclopirox nail lacquer would be relatively safer antifungal agents. ·Consider Alternative Statins: For patients requiring long-term azole antifungal therapy, preferable statin alternatives include fluvastatin, rosuvastatin, or pravastatin. ·Temporarily Hold Statin Therapy: Temporarily holding the simvastatin/lovastatin during short-term (e.g., 2-week) azole antifungal therapy is a reasonable alternative for patients with stable cardiovascular disease. ·Monitor: If alternatives are not appropriate, the patient should be monitored for evidence of myopathy (muscle pain or weakness) and myoglobinuria (dark urine)."
27,LOVASTATIN,VORICONAZOLE,Increased simvastatin/ lovastatin concentrations and risk of myopathy/ rhabdomyolysis,"Antifungal Agents ·Terbinafine (Lamisil®) does not inhibit CYP3A4 ·Ciclopirox nail lacquer (Penlac®) is not appreciably absorbed Statins ·Atorvastatin (Lipitor®) undergoes less metabolism by CYP3A4 but cases of myopathy with CYP3A4 inhibitors reported ·Fluvastatin (Lescol®), rosuvastatin (Crestor®), and pravastatin (Pravachol®) arenot metabolized by CYP3A4","Usually Avoid ·Consider Alternative Antifungal Agents: Terbinafine or ciclopirox nail lacquer would be relatively safer antifungal agents. ·Consider Alternative Statins: For patients requiring long-term azole antifungal therapy, preferable statin alternatives include fluvastatin, rosuvastatin, or pravastatin. ·Temporarily Hold Statin Therapy: Temporarily holding the simvastatin/lovastatin during short-term (e.g., 2-week) azole antifungal therapy is a reasonable alternative for patients with stable cardiovascular disease. ·Monitor: If alternatives are not appropriate, the patient should be monitored for evidence of myopathy (muscle pain or weakness) and myoglobinuria (dark urine)."
28,LOVASTATIN,FLUCONAZOLE,Increased simvastatin/ lovastatin concentrations and risk of myopathy/ rhabdomyolysis,"Antifungal Agents ·Terbinafine (Lamisil®) does not inhibit CYP3A4 ·Ciclopirox nail lacquer (Penlac®) is not appreciably absorbed Statins ·Atorvastatin (Lipitor®) undergoes less metabolism by CYP3A4 but cases of myopathy with CYP3A4 inhibitors reported ·Fluvastatin (Lescol®), rosuvastatin (Crestor®), and pravastatin (Pravachol®) arenot metabolized by CYP3A4","Usually Avoid ·Consider Alternative Antifungal Agents: Terbinafine or ciclopirox nail lacquer would be relatively safer antifungal agents. ·Consider Alternative Statins: For patients requiring long-term azole antifungal therapy, preferable statin alternatives include fluvastatin, rosuvastatin, or pravastatin. ·Temporarily Hold Statin Therapy: Temporarily holding the simvastatin/lovastatin during short-term (e.g., 2-week) azole antifungal therapy is a reasonable alternative for patients with stable cardiovascular disease. ·Monitor: If alternatives are not appropriate, the patient should be monitored for evidence of myopathy (muscle pain or weakness) and myoglobinuria (dark urine)."
29,PRAVASTATIN,ITRACONAZOLE,Increased simvastatin/ lovastatin concentrations and risk of myopathy/ rhabdomyolysis,"Antifungal Agents ·Terbinafine (Lamisil®) does not inhibit CYP3A4 ·Ciclopirox nail lacquer (Penlac®) is not appreciably absorbed Statins ·Atorvastatin (Lipitor®) undergoes less metabolism by CYP3A4 but cases of myopathy with CYP3A4 inhibitors reported ·Fluvastatin (Lescol®), rosuvastatin (Crestor®), and pravastatin (Pravachol®) arenot metabolized by CYP3A4","Usually Avoid ·Consider Alternative Antifungal Agents: Terbinafine or ciclopirox nail lacquer would be relatively safer antifungal agents. ·Consider Alternative Statins: For patients requiring long-term azole antifungal therapy, preferable statin alternatives include fluvastatin, rosuvastatin, or pravastatin. ·Temporarily Hold Statin Therapy: Temporarily holding the simvastatin/lovastatin during short-term (e.g., 2-week) azole antifungal therapy is a reasonable alternative for patients with stable cardiovascular disease. ·Monitor: If alternatives are not appropriate, the patient should be monitored for evidence of myopathy (muscle pain or weakness) and myoglobinuria (dark urine)."
30,PRAVASTATIN,KETOCONAZOLE,Increased simvastatin/ lovastatin concentrations and risk of myopathy/ rhabdomyolysis,"Antifungal Agents ·Terbinafine (Lamisil®) does not inhibit CYP3A4 ·Ciclopirox nail lacquer (Penlac®) is not appreciably absorbed Statins ·Atorvastatin (Lipitor®) undergoes less metabolism by CYP3A4 but cases of myopathy with CYP3A4 inhibitors reported ·Fluvastatin (Lescol®), rosuvastatin (Crestor®), and pravastatin (Pravachol®) arenot metabolized by CYP3A4","Usually Avoid ·Consider Alternative Antifungal Agents: Terbinafine or ciclopirox nail lacquer would be relatively safer antifungal agents. ·Consider Alternative Statins: For patients requiring long-term azole antifungal therapy, preferable statin alternatives include fluvastatin, rosuvastatin, or pravastatin. ·Temporarily Hold Statin Therapy: Temporarily holding the simvastatin/lovastatin during short-term (e.g., 2-week) azole antifungal therapy is a reasonable alternative for patients with stable cardiovascular disease. ·Monitor: If alternatives are not appropriate, the patient should be monitored for evidence of myopathy (muscle pain or weakness) and myoglobinuria (dark urine)."
31,PRAVASTATIN,POSACONAZOLE,Increased simvastatin/ lovastatin concentrations and risk of myopathy/ rhabdomyolysis,"Antifungal Agents ·Terbinafine (Lamisil®) does not inhibit CYP3A4 ·Ciclopirox nail lacquer (Penlac®) is not appreciably absorbed Statins ·Atorvastatin (Lipitor®) undergoes less metabolism by CYP3A4 but cases of myopathy with CYP3A4 inhibitors reported ·Fluvastatin (Lescol®), rosuvastatin (Crestor®), and pravastatin (Pravachol®) arenot metabolized by CYP3A4","Usually Avoid ·Consider Alternative Antifungal Agents: Terbinafine or ciclopirox nail lacquer would be relatively safer antifungal agents. ·Consider Alternative Statins: For patients requiring long-term azole antifungal therapy, preferable statin alternatives include fluvastatin, rosuvastatin, or pravastatin. ·Temporarily Hold Statin Therapy: Temporarily holding the simvastatin/lovastatin during short-term (e.g., 2-week) azole antifungal therapy is a reasonable alternative for patients with stable cardiovascular disease. ·Monitor: If alternatives are not appropriate, the patient should be monitored for evidence of myopathy (muscle pain or weakness) and myoglobinuria (dark urine)."
32,PRAVASTATIN,VORICONAZOLE,Increased simvastatin/ lovastatin concentrations and risk of myopathy/ rhabdomyolysis,"Antifungal Agents ·Terbinafine (Lamisil®) does not inhibit CYP3A4 ·Ciclopirox nail lacquer (Penlac®) is not appreciably absorbed Statins ·Atorvastatin (Lipitor®) undergoes less metabolism by CYP3A4 but cases of myopathy with CYP3A4 inhibitors reported ·Fluvastatin (Lescol®), rosuvastatin (Crestor®), and pravastatin (Pravachol®) arenot metabolized by CYP3A4","Usually Avoid ·Consider Alternative Antifungal Agents: Terbinafine or ciclopirox nail lacquer would be relatively safer antifungal agents. ·Consider Alternative Statins: For patients requiring long-term azole antifungal therapy, preferable statin alternatives include fluvastatin, rosuvastatin, or pravastatin. ·Temporarily Hold Statin Therapy: Temporarily holding the simvastatin/lovastatin during short-term (e.g., 2-week) azole antifungal therapy is a reasonable alternative for patients with stable cardiovascular disease. ·Monitor: If alternatives are not appropriate, the patient should be monitored for evidence of myopathy (muscle pain or weakness) and myoglobinuria (dark urine)."
33,PRAVASTATIN,FLUCONAZOLE,Increased simvastatin/ lovastatin concentrations and risk of myopathy/ rhabdomyolysis,"Antifungal Agents ·Terbinafine (Lamisil®) does not inhibit CYP3A4 ·Ciclopirox nail lacquer (Penlac®) is not appreciably absorbed Statins ·Atorvastatin (Lipitor®) undergoes less metabolism by CYP3A4 but cases of myopathy with CYP3A4 inhibitors reported ·Fluvastatin (Lescol®), rosuvastatin (Crestor®), and pravastatin (Pravachol®) arenot metabolized by CYP3A4","Usually Avoid ·Consider Alternative Antifungal Agents: Terbinafine or ciclopirox nail lacquer would be relatively safer antifungal agents. ·Consider Alternative Statins: For patients requiring long-term azole antifungal therapy, preferable statin alternatives include fluvastatin, rosuvastatin, or pravastatin. ·Temporarily Hold Statin Therapy: Temporarily holding the simvastatin/lovastatin during short-term (e.g., 2-week) azole antifungal therapy is a reasonable alternative for patients with stable cardiovascular disease. ·Monitor: If alternatives are not appropriate, the patient should be monitored for evidence of myopathy (muscle pain or weakness) and myoglobinuria (dark urine)."
34,ROSUVASTATIN,ITRACONAZOLE,Increased simvastatin/ lovastatin concentrations and risk of myopathy/ rhabdomyolysis,"Antifungal Agents ·Terbinafine (Lamisil®) does not inhibit CYP3A4 ·Ciclopirox nail lacquer (Penlac®) is not appreciably absorbed Statins ·Atorvastatin (Lipitor®) undergoes less metabolism by CYP3A4 but cases of myopathy with CYP3A4 inhibitors reported ·Fluvastatin (Lescol®), rosuvastatin (Crestor®), and pravastatin (Pravachol®) arenot metabolized by CYP3A4","Usually Avoid ·Consider Alternative Antifungal Agents: Terbinafine or ciclopirox nail lacquer would be relatively safer antifungal agents. ·Consider Alternative Statins: For patients requiring long-term azole antifungal therapy, preferable statin alternatives include fluvastatin, rosuvastatin, or pravastatin. ·Temporarily Hold Statin Therapy: Temporarily holding the simvastatin/lovastatin during short-term (e.g., 2-week) azole antifungal therapy is a reasonable alternative for patients with stable cardiovascular disease. ·Monitor: If alternatives are not appropriate, the patient should be monitored for evidence of myopathy (muscle pain or weakness) and myoglobinuria (dark urine)."
35,ROSUVASTATIN,KETOCONAZOLE,Increased simvastatin/ lovastatin concentrations and risk of myopathy/ rhabdomyolysis,"Antifungal Agents ·Terbinafine (Lamisil®) does not inhibit CYP3A4 ·Ciclopirox nail lacquer (Penlac®) is not appreciably absorbed Statins ·Atorvastatin (Lipitor®) undergoes less metabolism by CYP3A4 but cases of myopathy with CYP3A4 inhibitors reported ·Fluvastatin (Lescol®), rosuvastatin (Crestor®), and pravastatin (Pravachol®) arenot metabolized by CYP3A4","Usually Avoid ·Consider Alternative Antifungal Agents: Terbinafine or ciclopirox nail lacquer would be relatively safer antifungal agents. ·Consider Alternative Statins: For patients requiring long-term azole antifungal therapy, preferable statin alternatives include fluvastatin, rosuvastatin, or pravastatin. ·Temporarily Hold Statin Therapy: Temporarily holding the simvastatin/lovastatin during short-term (e.g., 2-week) azole antifungal therapy is a reasonable alternative for patients with stable cardiovascular disease. ·Monitor: If alternatives are not appropriate, the patient should be monitored for evidence of myopathy (muscle pain or weakness) and myoglobinuria (dark urine)."
36,ROSUVASTATIN,POSACONAZOLE,Increased simvastatin/ lovastatin concentrations and risk of myopathy/ rhabdomyolysis,"Antifungal Agents ·Terbinafine (Lamisil®) does not inhibit CYP3A4 ·Ciclopirox nail lacquer (Penlac®) is not appreciably absorbed Statins ·Atorvastatin (Lipitor®) undergoes less metabolism by CYP3A4 but cases of myopathy with CYP3A4 inhibitors reported ·Fluvastatin (Lescol®), rosuvastatin (Crestor®), and pravastatin (Pravachol®) arenot metabolized by CYP3A4","Usually Avoid ·Consider Alternative Antifungal Agents: Terbinafine or ciclopirox nail lacquer would be relatively safer antifungal agents. ·Consider Alternative Statins: For patients requiring long-term azole antifungal therapy, preferable statin alternatives include fluvastatin, rosuvastatin, or pravastatin. ·Temporarily Hold Statin Therapy: Temporarily holding the simvastatin/lovastatin during short-term (e.g., 2-week) azole antifungal therapy is a reasonable alternative for patients with stable cardiovascular disease. ·Monitor: If alternatives are not appropriate, the patient should be monitored for evidence of myopathy (muscle pain or weakness) and myoglobinuria (dark urine)."
37,ROSUVASTATIN,VORICONAZOLE,Increased simvastatin/ lovastatin concentrations and risk of myopathy/ rhabdomyolysis,"Antifungal Agents ·Terbinafine (Lamisil®) does not inhibit CYP3A4 ·Ciclopirox nail lacquer (Penlac®) is not appreciably absorbed Statins ·Atorvastatin (Lipitor®) undergoes less metabolism by CYP3A4 but cases of myopathy with CYP3A4 inhibitors reported ·Fluvastatin (Lescol®), rosuvastatin (Crestor®), and pravastatin (Pravachol®) arenot metabolized by CYP3A4","Usually Avoid ·Consider Alternative Antifungal Agents: Terbinafine or ciclopirox nail lacquer would be relatively safer antifungal agents. ·Consider Alternative Statins: For patients requiring long-term azole antifungal therapy, preferable statin alternatives include fluvastatin, rosuvastatin, or pravastatin. ·Temporarily Hold Statin Therapy: Temporarily holding the simvastatin/lovastatin during short-term (e.g., 2-week) azole antifungal therapy is a reasonable alternative for patients with stable cardiovascular disease. ·Monitor: If alternatives are not appropriate, the patient should be monitored for evidence of myopathy (muscle pain or weakness) and myoglobinuria (dark urine)."
38,ROSUVASTATIN,FLUCONAZOLE,Increased simvastatin/ lovastatin concentrations and risk of myopathy/ rhabdomyolysis,"Antifungal Agents ·Terbinafine (Lamisil®) does not inhibit CYP3A4 ·Ciclopirox nail lacquer (Penlac®) is not appreciably absorbed Statins ·Atorvastatin (Lipitor®) undergoes less metabolism by CYP3A4 but cases of myopathy with CYP3A4 inhibitors reported ·Fluvastatin (Lescol®), rosuvastatin (Crestor®), and pravastatin (Pravachol®) arenot metabolized by CYP3A4","Usually Avoid ·Consider Alternative Antifungal Agents: Terbinafine or ciclopirox nail lacquer would be relatively safer antifungal agents. ·Consider Alternative Statins: For patients requiring long-term azole antifungal therapy, preferable statin alternatives include fluvastatin, rosuvastatin, or pravastatin. ·Temporarily Hold Statin Therapy: Temporarily holding the simvastatin/lovastatin during short-term (e.g., 2-week) azole antifungal therapy is a reasonable alternative for patients with stable cardiovascular disease. ·Monitor: If alternatives are not appropriate, the patient should be monitored for evidence of myopathy (muscle pain or weakness) and myoglobinuria (dark urine)."
39,SIMVASTATIN,ITRACONAZOLE,Increased simvastatin/ lovastatin concentrations and risk of myopathy/ rhabdomyolysis,"Antifungal Agents ·Terbinafine (Lamisil®) does not inhibit CYP3A4 ·Ciclopirox nail lacquer (Penlac®) is not appreciably absorbed Statins ·Atorvastatin (Lipitor®) undergoes less metabolism by CYP3A4 but cases of myopathy with CYP3A4 inhibitors reported ·Fluvastatin (Lescol®), rosuvastatin (Crestor®), and pravastatin (Pravachol®) arenot metabolized by CYP3A4","Usually Avoid ·Consider Alternative Antifungal Agents: Terbinafine or ciclopirox nail lacquer would be relatively safer antifungal agents. ·Consider Alternative Statins: For patients requiring long-term azole antifungal therapy, preferable statin alternatives include fluvastatin, rosuvastatin, or pravastatin. ·Temporarily Hold Statin Therapy: Temporarily holding the simvastatin/lovastatin during short-term (e.g., 2-week) azole antifungal therapy is a reasonable alternative for patients with stable cardiovascular disease. ·Monitor: If alternatives are not appropriate, the patient should be monitored for evidence of myopathy (muscle pain or weakness) and myoglobinuria (dark urine)."
40,SIMVASTATIN,KETOCONAZOLE,Increased simvastatin/ lovastatin concentrations and risk of myopathy/ rhabdomyolysis,"Antifungal Agents ·Terbinafine (Lamisil®) does not inhibit CYP3A4 ·Ciclopirox nail lacquer (Penlac®) is not appreciably absorbed Statins ·Atorvastatin (Lipitor®) undergoes less metabolism by CYP3A4 but cases of myopathy with CYP3A4 inhibitors reported ·Fluvastatin (Lescol®), rosuvastatin (Crestor®), and pravastatin (Pravachol®) arenot metabolized by CYP3A4","Usually Avoid ·Consider Alternative Antifungal Agents: Terbinafine or ciclopirox nail lacquer would be relatively safer antifungal agents. ·Consider Alternative Statins: For patients requiring long-term azole antifungal therapy, preferable statin alternatives include fluvastatin, rosuvastatin, or pravastatin. ·Temporarily Hold Statin Therapy: Temporarily holding the simvastatin/lovastatin during short-term (e.g., 2-week) azole antifungal therapy is a reasonable alternative for patients with stable cardiovascular disease. ·Monitor: If alternatives are not appropriate, the patient should be monitored for evidence of myopathy (muscle pain or weakness) and myoglobinuria (dark urine)."
41,SIMVASTATIN,POSACONAZOLE,Increased simvastatin/ lovastatin concentrations and risk of myopathy/ rhabdomyolysis,"Antifungal Agents ·Terbinafine (Lamisil®) does not inhibit CYP3A4 ·Ciclopirox nail lacquer (Penlac®) is not appreciably absorbed Statins ·Atorvastatin (Lipitor®) undergoes less metabolism by CYP3A4 but cases of myopathy with CYP3A4 inhibitors reported ·Fluvastatin (Lescol®), rosuvastatin (Crestor®), and pravastatin (Pravachol®) arenot metabolized by CYP3A4","Usually Avoid ·Consider Alternative Antifungal Agents: Terbinafine or ciclopirox nail lacquer would be relatively safer antifungal agents. ·Consider Alternative Statins: For patients requiring long-term azole antifungal therapy, preferable statin alternatives include fluvastatin, rosuvastatin, or pravastatin. ·Temporarily Hold Statin Therapy: Temporarily holding the simvastatin/lovastatin during short-term (e.g., 2-week) azole antifungal therapy is a reasonable alternative for patients with stable cardiovascular disease. ·Monitor: If alternatives are not appropriate, the patient should be monitored for evidence of myopathy (muscle pain or weakness) and myoglobinuria (dark urine)."
42,SIMVASTATIN,VORICONAZOLE,Increased simvastatin/ lovastatin concentrations and risk of myopathy/ rhabdomyolysis,"Antifungal Agents ·Terbinafine (Lamisil®) does not inhibit CYP3A4 ·Ciclopirox nail lacquer (Penlac®) is not appreciably absorbed Statins ·Atorvastatin (Lipitor®) undergoes less metabolism by CYP3A4 but cases of myopathy with CYP3A4 inhibitors reported ·Fluvastatin (Lescol®), rosuvastatin (Crestor®), and pravastatin (Pravachol®) arenot metabolized by CYP3A4","Usually Avoid ·Consider Alternative Antifungal Agents: Terbinafine or ciclopirox nail lacquer would be relatively safer antifungal agents. ·Consider Alternative Statins: For patients requiring long-term azole antifungal therapy, preferable statin alternatives include fluvastatin, rosuvastatin, or pravastatin. ·Temporarily Hold Statin Therapy: Temporarily holding the simvastatin/lovastatin during short-term (e.g., 2-week) azole antifungal therapy is a reasonable alternative for patients with stable cardiovascular disease. ·Monitor: If alternatives are not appropriate, the patient should be monitored for evidence of myopathy (muscle pain or weakness) and myoglobinuria (dark urine)."
43,SIMVASTATIN,FLUCONAZOLE,Increased simvastatin/ lovastatin concentrations and risk of myopathy/ rhabdomyolysis,"Antifungal Agents ·Terbinafine (Lamisil®) does not inhibit CYP3A4 ·Ciclopirox nail lacquer (Penlac®) is not appreciably absorbed Statins ·Atorvastatin (Lipitor®) undergoes less metabolism by CYP3A4 but cases of myopathy with CYP3A4 inhibitors reported ·Fluvastatin (Lescol®), rosuvastatin (Crestor®), and pravastatin (Pravachol®) arenot metabolized by CYP3A4","Usually Avoid ·Consider Alternative Antifungal Agents: Terbinafine or ciclopirox nail lacquer would be relatively safer antifungal agents. ·Consider Alternative Statins: For patients requiring long-term azole antifungal therapy, preferable statin alternatives include fluvastatin, rosuvastatin, or pravastatin. ·Temporarily Hold Statin Therapy: Temporarily holding the simvastatin/lovastatin during short-term (e.g., 2-week) azole antifungal therapy is a reasonable alternative for patients with stable cardiovascular disease. ·Monitor: If alternatives are not appropriate, the patient should be monitored for evidence of myopathy (muscle pain or weakness) and myoglobinuria (dark urine)."
44,TAMOXIFEN,BUPROPION,Decreased clinical effectiveness of tamoxifen (decreased disease-free survival); people with “normal” CYP2D6 activity (extensive metabolizers) would be at risk of this interaction,"·Citalopram (Celexa®), desvenlafaxine (Pristiq®), escitalopram (Lexapro®), and sertraline (Zoloft®), are weak inhibitors of CYP2D6 ·Fluvoxamine (Luvox®) and venlafaxine (Effexor®) do not significantly inhibit CYP2D6","Take Precautions ·Consider Alternatives: Preferable antidepressant alternatives are citalopram, desvenlafaxine, escitalopram, fluvoxamine, sertraline, and venlafaxine."
45,TAMOXIFEN,DULOXETINE,Decreased clinical effectiveness of tamoxifen (decreased disease-free survival); people with “normal” CYP2D6 activity (extensive metabolizers) would be at risk of this interaction,"·Citalopram (Celexa®), desvenlafaxine (Pristiq®), escitalopram (Lexapro®), and sertraline (Zoloft®), are weak inhibitors of CYP2D6 ·Fluvoxamine (Luvox®) and venlafaxine (Effexor®) do not significantly inhibit CYP2D6","Take Precautions ·Consider Alternatives: Preferable antidepressant alternatives are citalopram, desvenlafaxine, escitalopram, fluvoxamine, sertraline, and venlafaxine."
46,TAMOXIFEN,FLUOXETINE,Decreased clinical effectiveness of tamoxifen (decreased disease-free survival); people with “normal” CYP2D6 activity (extensive metabolizers) would be at risk of this interaction,"·Citalopram (Celexa®), desvenlafaxine (Pristiq®), escitalopram (Lexapro®), and sertraline (Zoloft®), are weak inhibitors of CYP2D6 ·Fluvoxamine (Luvox®) and venlafaxine (Effexor®) do not significantly inhibit CYP2D6","Take Precautions ·Consider Alternatives: Preferable antidepressant alternatives are citalopram, desvenlafaxine, escitalopram, fluvoxamine, sertraline, and venlafaxine."
47,TAMOXIFEN,PAROXETINE,Decreased clinical effectiveness of tamoxifen (decreased disease-free survival); people with “normal” CYP2D6 activity (extensive metabolizers) would be at risk of this interaction,"·Citalopram (Celexa®), desvenlafaxine (Pristiq®), escitalopram (Lexapro®), and sertraline (Zoloft®), are weak inhibitors of CYP2D6 ·Fluvoxamine (Luvox®) and venlafaxine (Effexor®) do not significantly inhibit CYP2D6","Take Precautions ·Consider Alternatives: Preferable antidepressant alternatives are citalopram, desvenlafaxine, escitalopram, fluvoxamine, sertraline, and venlafaxine."
48,WARFARIN,AMIODARONE,Increased warfarin concentrations and bleeding risk,·Not applicable,"Take Precautions ·Monitor: Increase the frequency of INR monitoring when amiodarone is started, stopped, or changed in dosage. The maximal effect of the interaction can take 8-12 weeks. The warfarin dosage may need to be reduced by 30%-50% during concurrent therapy. For patients stabilized on amiodarone, begin warfarin therapy with conservative doses until response is established."
49,WARFARIN,FLUCONAZOLE,Increased warfarin concentrations and bleeding risk,"·Itraconazole (Sporanox®), ketoconazole (Nizoral®), posaconazole (Noxafil®), terbinafine (Lamisil®) do not appear to inhibit CYP2C9","Usually Avoid ·Consider Alternatives: Itraconazole, ketoconazole, posaconazole, and terbinafine are preferable alternatives. ·Monitor: Carefully monitor for an altered warfarin response if an interacting azole antifungal is started, stopped, or changed in dosage. A change in the warfarin dosage may be necessary. For patients already receiving one of the precipitant drugs, begin warfarin therapy with conservative doses until response is established."
50,WARFARIN,MICONAZOLE,Increased warfarin concentrations and bleeding risk,"·Itraconazole (Sporanox®), ketoconazole (Nizoral®), posaconazole (Noxafil®), terbinafine (Lamisil®) do not appear to inhibit CYP2C10","Usually Avoid ·Consider Alternatives: Itraconazole, ketoconazole, posaconazole, and terbinafine are preferable alternatives. ·Monitor: Carefully monitor for an altered warfarin response if an interacting azole antifungal is started, stopped, or changed in dosage. A change in the warfarin dosage may be necessary. For patients already receiving one of the precipitant drugs, begin warfarin therapy with conservative doses until response is established."
51,WARFARIN,VORICONAZOLE,Increased warfarin concentrations and bleeding risk,"·Itraconazole (Sporanox®), ketoconazole (Nizoral®), posaconazole (Noxafil®), terbinafine (Lamisil®) do not appear to inhibit CYP2C11","Usually Avoid ·Consider Alternatives: Itraconazole, ketoconazole, posaconazole, and terbinafine are preferable alternatives. ·Monitor: Carefully monitor for an altered warfarin response if an interacting azole antifungal is started, stopped, or changed in dosage. A change in the warfarin dosage may be necessary. For patients already receiving one of the precipitant drugs, begin warfarin therapy with conservative doses until response is established."
52,WARFARIN,CARBAMAZEPINE,Decreased warfarin concentrations and warfarin effects,"·Other anticonvulsant enzyme inducers that can also reduce the anticoagulant effect of warfarin include barbiturates, oxcarbazepine (Trileptal®), phenytoin (Dilantin®), and primidone (Mysoline®)","Take Precautions Monitor: If concurrent use is necessary, monitor for altered warfarin response if the inducer is started, stopped, or changed in dosage. Enzyme induction is often gradual and several weeks of more frequent monitoring is recommended. For patients already receiving carbamazepine, begin warfarin therapy with conservative doses until response is established."
53,WARFARIN,GEMFIBROZIL,Increased warfarin effect and bleeding risk,·See warfarin and statins ·An extended-release niacin product (Niaspan®) is not known to interact with warfarin ·Gemfibrozil (Lopid®) and fenofibrate (Tricor®) inhibit CYP2C9 and may increase bleeding risk ·Cholestyramine (Questran®) and colestipol (Colestid®) may reduce the effect of warfarin,"Usually Avoid ·Consider Alternatives: Atorvastatin and pravastatin appear to be safer alteratives. Extended-release niacin is another alternative. ·Monitor: If alternatives are not appropriate, carefully monitor the INR if a fibrate is started, stopped, or changed in dosage and adjust the warfarin dose accordingly. If warfarin is started in a patient receiving a fibrate, conservative doses of warfarin should be used until response is established"
54,WARFARIN,FENOFIBRATE,Increased warfarin effect and bleeding risk,·See warfarin and statins ·An extended-release niacin product (Niaspan®) is not known to interact with warfarin ·Gemfibrozil (Lopid®) and fenofibrate (Tricor®) inhibit CYP2C9 and may increase bleeding risk ·Cholestyramine (Questran®) and colestipol (Colestid®) may reduce the effect of warfarin,"Usually Avoid ·Consider Alternatives: Atorvastatin and pravastatin appear to be safer alteratives. Extended-release niacin is another alternative. ·Monitor: If alternatives are not appropriate, carefully monitor the INR if a fibrate is started, stopped, or changed in dosage and adjust the warfarin dose accordingly. If warfarin is started in a patient receiving a fibrate, conservative doses of warfarin should be used until response is established"
55,WARFARIN,CELECOXIB,Additive risk of bleeding,"·Opioid analgesics are not known to interact with warfarin ·Acetaminophen (Tylenol®) may alter the warfarin response but the effect is relatively small. ·Antiplatelet therapy with aspirin primarily increases the risk of minor bleeding ·Non-acetylated salicylates (e.g., salsalate [Disalcid]) may be safer than traditional NSAIDs ·COX-2 inhibitors do not affect platelet function and probably cause less GI erosion but no evidence of decreased GI bleeding risk","Usually Avoid ·Consider Alternatives: A non-NSAID alternative such as acetaminophen or opioid analgesics is preferred. To be cautious, limit the acetaminophen dose to 2 g/day for no more than 7 days. INR should be monitored closely when acetaminophen exceeds 2 g/day or chronic use >7 days occurs. ·Monitor: If any NSAID is used with warfarin, monitor carefully for evidence of bleeding, especially from the GI tract."
56,WARFARIN,DICLOFENAC,Additive risk of bleeding,"·Opioid analgesics are not known to interact with warfarin ·Acetaminophen (Tylenol®) may alter the warfarin response but the effect is relatively small. ·Antiplatelet therapy with aspirin primarily increases the risk of minor bleeding ·Non-acetylated salicylates (e.g., salsalate [Disalcid]) may be safer than traditional NSAIDs ·COX-2 inhibitors do not affect platelet function and probably cause less GI erosion but no evidence of decreased GI bleeding risk","Usually Avoid ·Consider Alternatives: A non-NSAID alternative such as acetaminophen or opioid analgesics is preferred. To be cautious, limit the acetaminophen dose to 2 g/day for no more than 7 days. INR should be monitored closely when acetaminophen exceeds 2 g/day or chronic use >7 days occurs. ·Monitor: If any NSAID is used with warfarin, monitor carefully for evidence of bleeding, especially from the GI tract."
57,WARFARIN,DIFLUNISAL,Additive risk of bleeding,"·Opioid analgesics are not known to interact with warfarin ·Acetaminophen (Tylenol®) may alter the warfarin response but the effect is relatively small. ·Antiplatelet therapy with aspirin primarily increases the risk of minor bleeding ·Non-acetylated salicylates (e.g., salsalate [Disalcid]) may be safer than traditional NSAIDs ·COX-2 inhibitors do not affect platelet function and probably cause less GI erosion but no evidence of decreased GI bleeding risk","Usually Avoid ·Consider Alternatives: A non-NSAID alternative such as acetaminophen or opioid analgesics is preferred. To be cautious, limit the acetaminophen dose to 2 g/day for no more than 7 days. INR should be monitored closely when acetaminophen exceeds 2 g/day or chronic use >7 days occurs. ·Monitor: If any NSAID is used with warfarin, monitor carefully for evidence of bleeding, especially from the GI tract."
58,WARFARIN,ETODOLAC,Additive risk of bleeding,"·Opioid analgesics are not known to interact with warfarin ·Acetaminophen (Tylenol®) may alter the warfarin response but the effect is relatively small. ·Antiplatelet therapy with aspirin primarily increases the risk of minor bleeding ·Non-acetylated salicylates (e.g., salsalate [Disalcid]) may be safer than traditional NSAIDs ·COX-2 inhibitors do not affect platelet function and probably cause less GI erosion but no evidence of decreased GI bleeding risk","Usually Avoid ·Consider Alternatives: A non-NSAID alternative such as acetaminophen or opioid analgesics is preferred. To be cautious, limit the acetaminophen dose to 2 g/day for no more than 7 days. INR should be monitored closely when acetaminophen exceeds 2 g/day or chronic use >7 days occurs. ·Monitor: If any NSAID is used with warfarin, monitor carefully for evidence of bleeding, especially from the GI tract."
59,WARFARIN,FENOPROFEN,Additive risk of bleeding,"·Opioid analgesics are not known to interact with warfarin ·Acetaminophen (Tylenol®) may alter the warfarin response but the effect is relatively small. ·Antiplatelet therapy with aspirin primarily increases the risk of minor bleeding ·Non-acetylated salicylates (e.g., salsalate [Disalcid]) may be safer than traditional NSAIDs ·COX-2 inhibitors do not affect platelet function and probably cause less GI erosion but no evidence of decreased GI bleeding risk","Usually Avoid ·Consider Alternatives: A non-NSAID alternative such as acetaminophen or opioid analgesics is preferred. To be cautious, limit the acetaminophen dose to 2 g/day for no more than 7 days. INR should be monitored closely when acetaminophen exceeds 2 g/day or chronic use >7 days occurs. ·Monitor: If any NSAID is used with warfarin, monitor carefully for evidence of bleeding, especially from the GI tract."
60,WARFARIN,FLURBIPROFEN,Additive risk of bleeding,"·Opioid analgesics are not known to interact with warfarin ·Acetaminophen (Tylenol®) may alter the warfarin response but the effect is relatively small. ·Antiplatelet therapy with aspirin primarily increases the risk of minor bleeding ·Non-acetylated salicylates (e.g., salsalate [Disalcid]) may be safer than traditional NSAIDs ·COX-2 inhibitors do not affect platelet function and probably cause less GI erosion but no evidence of decreased GI bleeding risk","Usually Avoid ·Consider Alternatives: A non-NSAID alternative such as acetaminophen or opioid analgesics is preferred. To be cautious, limit the acetaminophen dose to 2 g/day for no more than 7 days. INR should be monitored closely when acetaminophen exceeds 2 g/day or chronic use >7 days occurs. ·Monitor: If any NSAID is used with warfarin, monitor carefully for evidence of bleeding, especially from the GI tract."
61,WARFARIN,IBUPROFEN,Additive risk of bleeding,"·Opioid analgesics are not known to interact with warfarin ·Acetaminophen (Tylenol®) may alter the warfarin response but the effect is relatively small. ·Antiplatelet therapy with aspirin primarily increases the risk of minor bleeding ·Non-acetylated salicylates (e.g., salsalate [Disalcid]) may be safer than traditional NSAIDs ·COX-2 inhibitors do not affect platelet function and probably cause less GI erosion but no evidence of decreased GI bleeding risk","Usually Avoid ·Consider Alternatives: A non-NSAID alternative such as acetaminophen or opioid analgesics is preferred. To be cautious, limit the acetaminophen dose to 2 g/day for no more than 7 days. INR should be monitored closely when acetaminophen exceeds 2 g/day or chronic use >7 days occurs. ·Monitor: If any NSAID is used with warfarin, monitor carefully for evidence of bleeding, especially from the GI tract."
62,WARFARIN,INDOMETHACIN,Additive risk of bleeding,"·Opioid analgesics are not known to interact with warfarin ·Acetaminophen (Tylenol®) may alter the warfarin response but the effect is relatively small. ·Antiplatelet therapy with aspirin primarily increases the risk of minor bleeding ·Non-acetylated salicylates (e.g., salsalate [Disalcid]) may be safer than traditional NSAIDs ·COX-2 inhibitors do not affect platelet function and probably cause less GI erosion but no evidence of decreased GI bleeding risk","Usually Avoid ·Consider Alternatives: A non-NSAID alternative such as acetaminophen or opioid analgesics is preferred. To be cautious, limit the acetaminophen dose to 2 g/day for no more than 7 days. INR should be monitored closely when acetaminophen exceeds 2 g/day or chronic use >7 days occurs. ·Monitor: If any NSAID is used with warfarin, monitor carefully for evidence of bleeding, especially from the GI tract."
63,WARFARIN,KETOPROFEN,Additive risk of bleeding,"·Opioid analgesics are not known to interact with warfarin ·Acetaminophen (Tylenol®) may alter the warfarin response but the effect is relatively small. ·Antiplatelet therapy with aspirin primarily increases the risk of minor bleeding ·Non-acetylated salicylates (e.g., salsalate [Disalcid]) may be safer than traditional NSAIDs ·COX-2 inhibitors do not affect platelet function and probably cause less GI erosion but no evidence of decreased GI bleeding risk","Usually Avoid ·Consider Alternatives: A non-NSAID alternative such as acetaminophen or opioid analgesics is preferred. To be cautious, limit the acetaminophen dose to 2 g/day for no more than 7 days. INR should be monitored closely when acetaminophen exceeds 2 g/day or chronic use >7 days occurs. ·Monitor: If any NSAID is used with warfarin, monitor carefully for evidence of bleeding, especially from the GI tract."
64,WARFARIN,KETOROLAC,Additive risk of bleeding,"·Opioid analgesics are not known to interact with warfarin ·Acetaminophen (Tylenol®) may alter the warfarin response but the effect is relatively small. ·Antiplatelet therapy with aspirin primarily increases the risk of minor bleeding ·Non-acetylated salicylates (e.g., salsalate [Disalcid]) may be safer than traditional NSAIDs ·COX-2 inhibitors do not affect platelet function and probably cause less GI erosion but no evidence of decreased GI bleeding risk","Usually Avoid ·Consider Alternatives: A non-NSAID alternative such as acetaminophen or opioid analgesics is preferred. To be cautious, limit the acetaminophen dose to 2 g/day for no more than 7 days. INR should be monitored closely when acetaminophen exceeds 2 g/day or chronic use >7 days occurs. ·Monitor: If any NSAID is used with warfarin, monitor carefully for evidence of bleeding, especially from the GI tract."
65,WARFARIN,MEFENAMIC ACID,Additive risk of bleeding,"·Opioid analgesics are not known to interact with warfarin ·Acetaminophen (Tylenol®) may alter the warfarin response but the effect is relatively small. ·Antiplatelet therapy with aspirin primarily increases the risk of minor bleeding ·Non-acetylated salicylates (e.g., salsalate [Disalcid]) may be safer than traditional NSAIDs ·COX-2 inhibitors do not affect platelet function and probably cause less GI erosion but no evidence of decreased GI bleeding risk","Usually Avoid ·Consider Alternatives: A non-NSAID alternative such as acetaminophen or opioid analgesics is preferred. To be cautious, limit the acetaminophen dose to 2 g/day for no more than 7 days. INR should be monitored closely when acetaminophen exceeds 2 g/day or chronic use >7 days occurs. ·Monitor: If any NSAID is used with warfarin, monitor carefully for evidence of bleeding, especially from the GI tract."
66,WARFARIN,MELOXICAM,Additive risk of bleeding,"·Opioid analgesics are not known to interact with warfarin ·Acetaminophen (Tylenol®) may alter the warfarin response but the effect is relatively small. ·Antiplatelet therapy with aspirin primarily increases the risk of minor bleeding ·Non-acetylated salicylates (e.g., salsalate [Disalcid]) may be safer than traditional NSAIDs ·COX-2 inhibitors do not affect platelet function and probably cause less GI erosion but no evidence of decreased GI bleeding risk","Usually Avoid ·Consider Alternatives: A non-NSAID alternative such as acetaminophen or opioid analgesics is preferred. To be cautious, limit the acetaminophen dose to 2 g/day for no more than 7 days. INR should be monitored closely when acetaminophen exceeds 2 g/day or chronic use >7 days occurs. ·Monitor: If any NSAID is used with warfarin, monitor carefully for evidence of bleeding, especially from the GI tract."
67,WARFARIN,NABUMETONE,Additive risk of bleeding,"·Opioid analgesics are not known to interact with warfarin ·Acetaminophen (Tylenol®) may alter the warfarin response but the effect is relatively small. ·Antiplatelet therapy with aspirin primarily increases the risk of minor bleeding ·Non-acetylated salicylates (e.g., salsalate [Disalcid]) may be safer than traditional NSAIDs ·COX-2 inhibitors do not affect platelet function and probably cause less GI erosion but no evidence of decreased GI bleeding risk","Usually Avoid ·Consider Alternatives: A non-NSAID alternative such as acetaminophen or opioid analgesics is preferred. To be cautious, limit the acetaminophen dose to 2 g/day for no more than 7 days. INR should be monitored closely when acetaminophen exceeds 2 g/day or chronic use >7 days occurs. ·Monitor: If any NSAID is used with warfarin, monitor carefully for evidence of bleeding, especially from the GI tract."
68,WARFARIN,NAPROXEN,Additive risk of bleeding,"·Opioid analgesics are not known to interact with warfarin ·Acetaminophen (Tylenol®) may alter the warfarin response but the effect is relatively small. ·Antiplatelet therapy with aspirin primarily increases the risk of minor bleeding ·Non-acetylated salicylates (e.g., salsalate [Disalcid]) may be safer than traditional NSAIDs ·COX-2 inhibitors do not affect platelet function and probably cause less GI erosion but no evidence of decreased GI bleeding risk","Usually Avoid ·Consider Alternatives: A non-NSAID alternative such as acetaminophen or opioid analgesics is preferred. To be cautious, limit the acetaminophen dose to 2 g/day for no more than 7 days. INR should be monitored closely when acetaminophen exceeds 2 g/day or chronic use >7 days occurs. ·Monitor: If any NSAID is used with warfarin, monitor carefully for evidence of bleeding, especially from the GI tract."
69,WARFARIN,OXAPROZIN,Additive risk of bleeding,"·Opioid analgesics are not known to interact with warfarin ·Acetaminophen (Tylenol®) may alter the warfarin response but the effect is relatively small. ·Antiplatelet therapy with aspirin primarily increases the risk of minor bleeding ·Non-acetylated salicylates (e.g., salsalate [Disalcid]) may be safer than traditional NSAIDs ·COX-2 inhibitors do not affect platelet function and probably cause less GI erosion but no evidence of decreased GI bleeding risk","Usually Avoid ·Consider Alternatives: A non-NSAID alternative such as acetaminophen or opioid analgesics is preferred. To be cautious, limit the acetaminophen dose to 2 g/day for no more than 7 days. INR should be monitored closely when acetaminophen exceeds 2 g/day or chronic use >7 days occurs. ·Monitor: If any NSAID is used with warfarin, monitor carefully for evidence of bleeding, especially from the GI tract."
70,WARFARIN,PIROXICAM,Additive risk of bleeding,"·Opioid analgesics are not known to interact with warfarin ·Acetaminophen (Tylenol®) may alter the warfarin response but the effect is relatively small. ·Antiplatelet therapy with aspirin primarily increases the risk of minor bleeding ·Non-acetylated salicylates (e.g., salsalate [Disalcid]) may be safer than traditional NSAIDs ·COX-2 inhibitors do not affect platelet function and probably cause less GI erosion but no evidence of decreased GI bleeding risk","Usually Avoid ·Consider Alternatives: A non-NSAID alternative such as acetaminophen or opioid analgesics is preferred. To be cautious, limit the acetaminophen dose to 2 g/day for no more than 7 days. INR should be monitored closely when acetaminophen exceeds 2 g/day or chronic use >7 days occurs. ·Monitor: If any NSAID is used with warfarin, monitor carefully for evidence of bleeding, especially from the GI tract."
71,WARFARIN,SULINDAC,Additive risk of bleeding,"·Opioid analgesics are not known to interact with warfarin ·Acetaminophen (Tylenol®) may alter the warfarin response but the effect is relatively small. ·Antiplatelet therapy with aspirin primarily increases the risk of minor bleeding ·Non-acetylated salicylates (e.g., salsalate [Disalcid]) may be safer than traditional NSAIDs ·COX-2 inhibitors do not affect platelet function and probably cause less GI erosion but no evidence of decreased GI bleeding risk","Usually Avoid ·Consider Alternatives: A non-NSAID alternative such as acetaminophen or opioid analgesics is preferred. To be cautious, limit the acetaminophen dose to 2 g/day for no more than 7 days. INR should be monitored closely when acetaminophen exceeds 2 g/day or chronic use >7 days occurs. ·Monitor: If any NSAID is used with warfarin, monitor carefully for evidence of bleeding, especially from the GI tract."
72,WARFARIN,TOLMETIN,Additive risk of bleeding,"·Opioid analgesics are not known to interact with warfarin ·Acetaminophen (Tylenol®) may alter the warfarin response but the effect is relatively small. ·Antiplatelet therapy with aspirin primarily increases the risk of minor bleeding ·Non-acetylated salicylates (e.g., salsalate [Disalcid]) may be safer than traditional NSAIDs ·COX-2 inhibitors do not affect platelet function and probably cause less GI erosion but no evidence of decreased GI bleeding risk","Usually Avoid ·Consider Alternatives: A non-NSAID alternative such as acetaminophen or opioid analgesics is preferred. To be cautious, limit the acetaminophen dose to 2 g/day for no more than 7 days. INR should be monitored closely when acetaminophen exceeds 2 g/day or chronic use >7 days occurs. ·Monitor: If any NSAID is used with warfarin, monitor carefully for evidence of bleeding, especially from the GI tract."
73,WARFARIN,FLUVASTATIN,Increased warfarin concentrations and bleeding risk,·See warfarin and fibrates ·Atorvastatin (Lipitor®) and pravastatin (Pravachol®) are not known to interact with warfarin,"Take Precautions ·Consider Alternatives: Atorvastatin and pravastatin appear to be safer alteratives ·Monitor: If alternatives are not appropriate, carefully monitor the INR if these agents are started, stopped, or changed in dosage and adjust the warfarin dose accordingly. If warfarin is started in a patient receiving these agents conservative doses of warfarin should be used until response is established."
74,WARFARIN,LOVASTATIN,Increased warfarin concentrations and bleeding risk,·See warfarin and fibrates ·Atorvastatin (Lipitor®) and pravastatin (Pravachol®) are not known to interact with warfarin,"Take Precautions ·Consider Alternatives: Atorvastatin and pravastatin appear to be safer alteratives ·Monitor: If alternatives are not appropriate, carefully monitor the INR if these agents are started, stopped, or changed in dosage and adjust the warfarin dose accordingly. If warfarin is started in a patient receiving these agents conservative doses of warfarin should be used until response is established."
75,WARFARIN,ROSUVASTATIN,Increased warfarin concentrations and bleeding risk,·See warfarin and fibrates ·Atorvastatin (Lipitor®) and pravastatin (Pravachol®) are not known to interact with warfarin,"Take Precautions ·Consider Alternatives: Atorvastatin and pravastatin appear to be safer alteratives ·Monitor: If alternatives are not appropriate, carefully monitor the INR if these agents are started, stopped, or changed in dosage and adjust the warfarin dose accordingly. If warfarin is started in a patient receiving these agents conservative doses of warfarin should be used until response is established."
76,WARFARIN,SIMVASTATIN,Increased warfarin concentrations and bleeding risk,·See warfarin and fibrates ·Atorvastatin (Lipitor®) and pravastatin (Pravachol®) are not known to interact with warfarin,"Take Precautions ·Consider Alternatives: Atorvastatin and pravastatin appear to be safer alteratives ·Monitor: If alternatives are not appropriate, carefully monitor the INR if these agents are started, stopped, or changed in dosage and adjust the warfarin dose accordingly. If warfarin is started in a patient receiving these agents conservative doses of warfarin should be used until response is established."
77,WARFARIN,SULFAMETHOXAZOLE/TRIMETHOPRIM  ,Increased warfarin concentrations and bleeding risk,"·Oral penicillin, amoxicillin, ampicillin, and oral cephalosporins and penicillins havenot been shown to interact with warfarin ·Quinolones and macrolides have been reported to increase the anticoagulant effects of warfarin","Usually Avoid ·Consider Alternatives: Oral penicillins and cephalosporins are preferred alternatives. Quinolones and macrolides may be relatively safer to use in combination with warfarin than sulfamethoxazole or metronidazole. ·Monitor: When alternatives are not appropriate, carefully monitor the INR and for signs of bleeding. The warfarin dosage may need to be temporarily reduced. If warfarin is started in a patient receiving these agents conservative doses of warfarin should be used until response is established. Also monitor for decreased anticoagulant effect after antibiotic therapy is discontinued. ·Note:Nearly all antibiotics have been reported in isolated cases to interact with warfarin; caution should be used when adding any antibiotic to a patient on warfarin therapy."
78,WARFARIN,METRONIDAZOLE,Increased warfarin concentrations and bleeding risk,"·Oral penicillin, amoxicillin, ampicillin, and oral cephalosporins and penicillins havenot been shown to interact with warfarin ·Quinolones and macrolides have been reported to increase the anticoagulant effects of warfarin","Usually Avoid ·Consider Alternatives: Oral penicillins and cephalosporins are preferred alternatives. Quinolones and macrolides may be relatively safer to use in combination with warfarin than sulfamethoxazole or metronidazole. ·Monitor: When alternatives are not appropriate, carefully monitor the INR and for signs of bleeding. The warfarin dosage may need to be temporarily reduced. If warfarin is started in a patient receiving these agents conservative doses of warfarin should be used until response is established. Also monitor for decreased anticoagulant effect after antibiotic therapy is discontinued. ·Note:Nearly all antibiotics have been reported in isolated cases to interact with warfarin; caution should be used when adding any antibiotic to a patient on warfarin therapy."
79,WARFARIN,LEVOTHYROXINE,Increased bleeding risk,"Take Precautions ·Monitor: For patients on a therapeutic dose of warfarin, more frequent INR monitoring is required (e.g., day 4, day 7, and weekly thereafter or as clinically indicated) if thyroid hormone therapy is started. In such cases, adownward adjustment of the warfarin dosage will often be needed to avoid excessive anticoagulation and bleeding. The risk is probably minimal if warfarin therapy is started in a euthyroid patient stabilized on thyroid replacement therapy. However, conservative doses of warfarin should be used until response is established if warfarin is started in a patient receiving these agents.",
80,WARFARIN,LIOTHYRONINE,Increased bleeding risk,"Take Precautions ·Monitor: For patients on a therapeutic dose of warfarin, more frequent INR monitoring is required (e.g., day 4, day 7, and weekly thereafter or as clinically indicated) if thyroid hormone therapy is started. In such cases, adownward adjustment of the warfarin dosage will often be needed to avoid excessive anticoagulation and bleeding. The risk is probably minimal if warfarin therapy is started in a euthyroid patient stabilized on thyroid replacement therapy. However, conservative doses of warfarin should be used until response is established if warfarin is started in a patient receiving these agents.",
81,WARFARIN,LIOTRIX ,Increased bleeding risk,"Take Precautions ·Monitor: For patients on a therapeutic dose of warfarin, more frequent INR monitoring is required (e.g., day 4, day 7, and weekly thereafter or as clinically indicated) if thyroid hormone therapy is started. In such cases, adownward adjustment of the warfarin dosage will often be needed to avoid excessive anticoagulation and bleeding. The risk is probably minimal if warfarin therapy is started in a euthyroid patient stabilized on thyroid replacement therapy. However, conservative doses of warfarin should be used until response is established if warfarin is started in a patient receiving these agents.",
